-0.065358363091946,0.04779065772891,-0.0019114025635645,0.093865782022476,0.0036183621268719,0.13950815796852,-0.037209287285805,-0.15902490913868,0.13378791511059,-0.025394752621651,0.071946196258068,-0.017169650644064,0.0082804430276155,0.11315768957138,0.0034889574162662,0.032970853149891,0.032140716910362,0.14133985340595,-0.039079040288925,-0.10260634124279,0.14695654809475,-0.053676255047321,-0.040021635591984,0.20797470211983,0.10850293189287,-0.087630249559879,-0.089117251336575,-0.056797578930855,0.015181347727776,0.11708544194698,0.19880659878254,0.066968694329262,-0.013152522034943,-0.0075092324987054,0.056935518980026,0.18402802944183,-0.11017652601004,-0.076371781527996,-0.079424619674683,-0.029271436855197,-0.024695172905922,0.072814151644707,-0.019879378378391,0.052419353276491,0.076121188700199,-0.11972726881504,0.042748212814331,0.023608110845089,-0.0052091646939516,-0.14093346893787,0.015719186514616,-0.050927385687828,0.088170282542706,-0.13493196666241,0.055374417454004,0.19318532943726,-0.10642087459564,0.1926336735487,0.068936236202717,-0.086741760373116,-0.11440483480692,0.058537136763334,0.10035703331232,-0.13551773130894,0.083339110016823,0.086473308503628,0.025875190272927,-0.030108395963907,-0.14261791110039,0.20209600031376,0.046894233673811,0.054524321109056,-0.031864617019892,-0.14842531085014,-0.069814041256905,-0.010251697152853,-0.021595817059278,-0.0089251762256026,-0.10877854377031,-0.08298122882843,-0.0083936890587211,0.1425746679306,-0.066766656935215,-0.11910513043404,-0.10732091218233,-0.009475470520556,-0.0089105218648911,-0.10970489680767,-0.076893448829651,0.051109593361616,0.016473930329084,-0.064081326127052,0.017405046150088,-0.066901333630085,0.11389842629433,0.11228426545858,-0.1169827952981,0.020155109465122,0.024487746879458,0.103361107409,0.068323880434036,-0.0040163383819163,-0.032721910625696,-0.069490693509579,-0.069711357355118,0.10908945649862,-0.04402906447649,-0.21844883263111,-0.01427623257041,-0.0054995096288621,-0.045616209506989,0.028624845668674,-0.01684358343482,-0.078093774616718,0.10361853986979,0.055415399372578,-0.013961131684482,-0.049882143735886,0.041033316403627,0.073895171284676,0.085459418594837,-0.082618482410908,-0.027771526947618,-0.0089711295440793,-0.071952626109123,0.16956454515457,0.016894709318876,0.018249329179525
-0.035667441785336,-0.01721378415823,0.04176227748394,0.12675307691097,0.037667211145163,0.15151329338551,-0.05691809207201,-0.16093707084656,0.070586815476418,-0.068616189062595,0.064131788909435,0.013633205555379,-0.035261254757643,0.11891528964043,0.050756350159645,0.025513026863337,0.048541720956564,0.15611344575882,0.014164741151035,-0.09295842051506,0.11719004064798,-0.037762466818094,0.033506624400616,0.19645775854588,0.15158472955227,-0.10400027036667,-0.047232251614332,-0.057304412126541,-0.065777562558651,0.05293233692646,0.1909718811512,0.016911571845412,0.0042701736092567,0.023687291890383,0.066265903413296,0.17564933001995,-0.096279211342335,-0.11751706153154,-0.067583560943604,-0.037917010486126,0.018880363553762,0.085353635251522,0.02618264220655,0.019603474065661,-0.0031431957613677,-0.13019007444382,0.043382707983255,-0.024002145975828,0.0046323155984282,-0.069156549870968,0.041654020547867,-0.11845055222511,0.093868397176266,-0.090212807059288,0.057085908949375,0.1658990830183,-0.062781982123852,0.17736722528934,0.064148359000683,-0.046708777546883,-0.1108888015151,0.077933721244335,0.063230089843273,-0.17683817446232,0.12686096131802,0.11149775981903,-0.0086674951016903,-0.037416469305754,-0.16623350977898,0.24114149808884,0.043031003326178,0.087659776210785,-0.024904038757086,-0.13882859051228,-0.050473593175411,-0.0022585063707083,-0.0061266850680113,-0.037462413311005,-0.11103257536888,-0.082279123365879,-0.042086850851774,0.11479599028826,-0.027756797149777,-0.1152657866478,-0.12167114019394,0.0023354983422905,-0.014475058764219,-0.098054997622967,-0.13043273985386,0.049582406878471,0.03384843096137,-0.048841971904039,0.024843411520123,-0.077311493456364,0.11521651595831,0.11007906496525,-0.12277740240097,0.064033173024654,0.0044270739890635,0.091547757387161,0.024387862533331,-0.020198695361614,-0.0084911240264773,-0.082781970500946,-0.0045895124785602,0.10098602622747,-0.013675624504685,-0.2120283395052,-0.050084818154573,-0.018665976822376,-0.07206579297781,0.02049189247191,0.07104229927063,-0.071565523743629,0.10330127179623,0.023783147335052,0.018393931910396,-0.019715679809451,0.03642925620079,0.1012182161212,0.10540179163218,-0.089741319417953,-0.037961363792419,-0.023577926680446,-0.040908504277468,0.15792213380337,0.063029631972313,0.049696810543537
-0.038622170686722,-0.0030355392955244,0.030706567689776,0.088904537260532,0.0034316340461373,0.13775892555714,-0.024033987894654,-0.12107732892036,0.12279778718948,-0.025669973343611,0.07510432600975,-0.013656973838806,0.016763102263212,0.13787247240543,0.027218202129006,0.017069214954972,0.055314045399427,0.16345292329788,-0.048702199012041,-0.12708100676537,0.15975193679333,-0.053017143160105,-0.038251727819443,0.18555743992329,0.1128868162632,-0.081436827778816,-0.077664189040661,-0.054909739643335,-0.039558339864016,0.093293495476246,0.18623305857182,0.078182525932789,-0.0072526950389147,0.031401626765728,0.055759813636541,0.16816373169422,-0.10239215195179,-0.065636605024338,-0.071307808160782,-0.054542265832424,-0.0092003867030144,0.072083353996277,-0.016495788469911,0.040802583098412,0.064866542816162,-0.13636699318886,0.0040239370428026,-0.0014313047286123,-0.016960503533483,-0.14834782481194,0.040549892932177,-0.077839553356171,0.076351538300514,-0.10467943549156,0.058166537433863,0.19122847914696,-0.10119623690844,0.17701168358326,0.064121380448341,-0.087912760674953,-0.084388844668865,0.034551005810499,0.058393388986588,-0.13235050439835,0.091947600245476,0.10086032003164,0.0071257180534303,0.015851110219955,-0.13336914777756,0.22795748710632,0.054087571799755,0.041740819811821,-0.036869514733553,-0.18516661226749,-0.10083300620317,-0.0015094550326467,-0.014642116613686,-0.026361595839262,-0.11036501079798,-0.099166877567768,-0.050275713205338,0.13446439802647,-0.04701741784811,-0.13977311551571,-0.12621368467808,-0.029431380331516,0.026422794908285,-0.10352232307196,-0.073392800986767,0.062533229589462,0.011138986796141,-0.084823682904243,0.021930770948529,-0.074502021074295,0.089965984225273,0.13383522629738,-0.11305610090494,0.0032410759013146,0.017344105988741,0.11253405362368,0.071889027953148,0.0052950256504118,-0.035223443061113,-0.05965331941843,-0.029180083423853,0.073184661567211,-0.067601896822453,-0.22747768461704,-0.03782732412219,-0.044315654784441,-0.072728306055069,0.020392702892423,-0.028092255815864,-0.074394188821316,0.14350543916225,0.038430649787188,-0.012880124151707,-0.072876781225204,0.042925506830215,0.068116009235382,0.10578966885805,-0.073380962014198,-0.024223115295172,0.0038294910918921,-0.0098019856959581,0.13300463557243,0.050254415720701,0.017015658318996
-0.028118848800659,-0.024477059021592,0.017903437837958,0.15674604475498,0.0075647877529263,0.14259706437588,0.044635858386755,-0.10786064714193,0.11233658343554,-0.001981639303267,0.053901091217995,0.011251367628574,-0.028698187321424,0.091593936085701,0.055714812129736,-0.053894445300102,0.028853328898549,0.05482866987586,0.029827743768692,-0.07522127777338,0.048291508108377,-0.13897182047367,-0.019322797656059,0.24066545069218,0.16649043560028,-0.12563325464725,-0.087591499090195,-0.035136535763741,0.0081470273435116,0.020761964842677,0.21043930947781,0.029418105259538,-0.08341047167778,-0.03037398122251,-0.032572649419308,0.11714918911457,-0.14155997335911,-0.067944027483463,-0.061341915279627,-0.015801785513759,0.079647101461887,0.041412852704525,-0.092233203351498,-0.038098473101854,0.012234237976372,-0.19198836386204,-0.052949912846088,0.0045921672135592,0.099276691675186,-0.12693080306053,0.0010279768612236,-0.011450707912445,0.12640470266342,-0.14506322145462,0.029394751414657,0.1406906247139,-0.087221577763557,0.22832459211349,0.063615016639233,-0.048096243292093,-0.12618069350719,0.08981853723526,0.071177691221237,-0.17027521133423,0.034393705427647,0.20697157084942,0.081376761198044,-0.073418751358986,-0.1705586463213,0.11964952200651,0.0083062350749969,0.15206001698971,-0.026199730113149,-0.0083637880161405,0.0090824151411653,-0.020324848592281,0.038069315254688,-0.059830918908119,-0.033606316894293,0.01751515083015,-0.079710759222507,0.037298027426004,0.019227148965001,-0.11484388262033,-0.0057138344272971,-0.044626917690039,0.020916361361742,-0.04977935180068,-0.066365405917168,-0.062863633036613,0.016270844265819,-0.0092886723577976,0.124153226614,-0.034236319363117,0.07663556933403,-0.020808525383472,-0.059562150388956,-0.053402569144964,0.047860596328974,0.071083791553974,0.053763438016176,-0.040440008044243,-0.0078733414411545,-0.049940295517445,-0.05690049752593,0.13579846918583,0.045588400214911,-0.18978650867939,0.012019352987409,-0.0018658406333998,-0.016428517177701,0.07363061606884,0.072181507945061,-0.076410904526711,0.087881907820702,0.037625577300787,-0.019861003383994,0.063606955111027,0.052957896143198,0.09415253251791,0.024496924132109,-0.12367147952318,-0.11348092556,-0.037721201777458,-0.096594028174877,0.21750976145267,-0.03909183293581,0.063556969165802
-0.018234550952911,-0.015849761664867,0.010269893333316,0.13913251459599,0.012392937205732,0.16470044851303,-0.052092552185059,-0.14904871582985,0.083254307508469,-0.06979064643383,0.086245022714138,-0.0051878346130252,-0.04323311522603,0.091926708817482,0.030245469883084,0.0229546520859,0.036862872540951,0.1436934620142,0.021931147202849,-0.077984116971493,0.11227572709322,-0.046522319316864,0.010822951793671,0.19122721254826,0.12896701693535,-0.10297475010157,-0.054639790207148,-0.064389705657959,-0.047040939331055,0.045213799923658,0.19040516018867,0.0074625913985074,-0.014325561001897,0.0023508726153523,0.069756090641022,0.18892864882946,-0.11527191102505,-0.1225361675024,-0.075550995767117,-0.046032261103392,-0.0068981568329036,0.080110862851143,-0.01738846488297,0.030799167230725,0.020953327417374,-0.13639986515045,0.034894954413176,-0.003360778093338,-0.0027401624247432,-0.06168545410037,0.010741497389972,-0.089978873729706,0.098029069602489,-0.10323524475098,0.041807696223259,0.15517725050449,-0.082715466618538,0.17059333622456,0.060247264802456,-0.049721419811249,-0.11509036272764,0.08915614336729,0.10958084464073,-0.178367421031,0.10743871331215,0.11344761401415,0.018435126170516,-0.059641357511282,-0.15822815895081,0.22311405837536,0.035516425967216,0.074588321149349,-0.016943790018559,-0.11639847606421,-0.07040923833847,-0.037592213600874,0.0058257640339434,-0.040022470057011,-0.10699759423733,-0.070935003459454,-0.026438321918249,0.10104302316904,-0.065556541085243,-0.14918738603592,-0.10403495281935,0.011420724913478,-0.040877547115088,-0.11025428026915,-0.10621566325426,0.053518578410149,0.065913327038288,-0.038587026298046,0.010034118779004,-0.061511490494013,0.13404101133347,0.10702896863222,-0.10278109461069,0.038090698421001,-0.0006488265353255,0.097581647336483,0.035215999931097,-0.017768912017345,-0.01928398758173,-0.12561920285225,-0.021709367632866,0.13202196359634,0.02289729937911,-0.22494012117386,-0.04083739221096,0.0034131438005716,-0.053872428834438,0.028650166466832,0.085540607571602,-0.088964082300663,0.11325135082006,0.023329868912697,0.028312316164374,-0.015068570151925,0.060918480157852,0.076352432370186,0.077588491141796,-0.11866807937622,-0.0092745069414377,-0.01579836755991,-0.036160048097372,0.15985584259033,0.079162567853928,0.038369748741388
-0.026564868167043,-0.0039512976072729,0.032317083328962,0.13571865856647,0.016878522932529,0.12935128808022,-0.032123886048794,-0.11115644872189,0.12697686254978,-0.038965694606304,0.087512545287609,-0.0021028206683695,-0.016433952376246,0.10423798114061,0.03924897685647,0.0087818941101432,0.076603405177593,0.18475469946861,-0.018449584022164,-0.090280428528786,0.14966566860676,-0.059360660612583,-0.00010313940583728,0.22000747919083,0.14640462398529,-0.13161481916904,-0.059347093105316,-0.054756410419941,-0.037708465009928,0.080623604357243,0.19581699371338,0.048451114445925,0.026895552873611,0.043053969740868,0.0549491122365,0.15131893754005,-0.087861716747284,-0.088292919099331,-0.089086942374706,-0.071267671883106,0.010348930954933,0.065062582492828,0.0029300190508366,0.038242228329182,0.017047666013241,-0.1776419878006,0.010402664542198,-0.012986999005079,0.021652325987816,-0.090038783848286,0.054713767021894,-0.07454776763916,0.081847809255123,-0.10109212249517,0.05787681043148,0.17822726070881,-0.080721542239189,0.13542996346951,0.066580675542355,-0.080955795943737,-0.11313626915216,0.021795604377985,0.047267857939005,-0.16510930657387,0.08938655257225,0.096942082047462,0.0032794661819935,-0.049874003976583,-0.1694882363081,0.23540580272675,0.027505036443472,0.049342043697834,-0.042816895991564,-0.15460953116417,-0.084402583539486,-0.027741366997361,0.020784160122275,-0.01159380376339,-0.11129422485828,-0.08334918320179,-0.077486403286457,0.12181296944618,-0.032243311405182,-0.1295263171196,-0.072682581841946,-0.010774911381304,-0.010855034925044,-0.095864087343216,-0.074690297245979,0.061897534877062,0.019908234477043,-0.072599366307259,0.0025506420060992,-0.084765128791332,0.11772705614567,0.096997544169426,-0.12909968197346,0.033253718167543,-0.0073452051728964,0.087927900254726,0.061126559972763,-0.0033823263365775,-0.0032357464078814,-0.067475453019142,-0.0015915466938168,0.08387802541256,-0.010302796028554,-0.2309737354517,-0.0096396217122674,-0.032432496547699,-0.09316498786211,0.024584690108895,0.015623999759555,-0.066695690155029,0.13015139102936,0.0069627524353564,0.043031692504883,-0.068322546780109,0.063615091145039,0.10189142823219,0.10641121119261,-0.068900145590305,-0.042746815830469,0.0055522560141981,-0.014844670891762,0.12589883804321,0.094849064946175,0.04288175702095
-0.039121832698584,-0.004709389526397,0.041151989251375,0.11435547471046,0.021275470033288,0.13608579337597,-0.038243360817432,-0.11459356546402,0.10600177198648,-0.028942789882421,0.083459742367268,-0.0085373083129525,-0.00013181142276153,0.11407347023487,0.043207664042711,0.029321931302547,0.076320484280586,0.17219191789627,-0.018798861652613,-0.097954668104649,0.16377876698971,-0.057184722274542,-0.016548383980989,0.22363102436066,0.14049264788628,-0.10163300484419,-0.070283569395542,-0.061380829662085,-0.01801411062479,0.080290280282497,0.19815975427628,0.043028827756643,0.0094660865142941,0.026711545884609,0.058294039219618,0.16448427736759,-0.095622777938843,-0.087711662054062,-0.075591005384922,-0.064584203064442,0.0046476167626679,0.079149626195431,0.0031593446619809,0.040153220295906,0.039893873035908,-0.16072949767113,0.026233959943056,-0.010369900614023,0.00056020560441539,-0.12909658253193,0.040764566510916,-0.098034545779228,0.082124270498753,-0.11114500463009,0.060209169983864,0.1873881071806,-0.091751642525196,0.16601958870888,0.069272302091122,-0.088450059294701,-0.10462860018015,0.036124613136053,0.053896591067314,-0.15155248343945,0.098957620561123,0.10933699458838,0.0027352967299521,-0.03000801615417,-0.15130457282066,0.20887731015682,0.038033340126276,0.056992277503014,-0.038891173899174,-0.17873327434063,-0.074718683958054,-0.012497249990702,-0.0018107934156433,0.0016955799655989,-0.09846605360508,-0.085375890135765,-0.05501664429903,0.13169410824776,-0.03507949411869,-0.12928010523319,-0.092107340693474,-0.010632574558258,0.0059624104760587,-0.088800691068172,-0.08461706340313,0.053586564958096,0.019132321700454,-0.062093161046505,0.0044192313216627,-0.068023145198822,0.10402228683233,0.11012488603592,-0.12472412735224,0.031842436641455,-0.0051904059946537,0.096110187470913,0.057029116898775,-0.0094381337985396,-0.016411442309618,-0.072482705116272,-0.025413131341338,0.096333578228951,-0.024550795555115,-0.23412536084652,-0.014531853608787,-0.04018871858716,-0.083167858421803,0.023084558546543,0.0052802660502493,-0.071667201817036,0.13361120223999,0.029086288064718,-0.0047183115966618,-0.063422881066799,0.025917924940586,0.082241274416447,0.092282846570015,-0.07532025873661,-0.041636683046818,-0.0025412649847567,-0.033815816044807,0.15283414721489,0.0587391667068,0.029964173212647
-0.036246102303267,-0.035372734069824,0.001575670670718,0.10231378674507,0.036134701222181,0.1395977139473,0.015573906712234,-0.096734873950481,0.10988520085812,0.00044526337296702,0.056511159986258,0.0070982691831887,0.020088385790586,0.12570118904114,0.048098456114531,-0.066224284470081,0.011333247646689,0.11626746505499,0.0062767374329269,-0.041550170630217,0.096290081739426,-0.14175346493721,0.032184682786465,0.29408374428749,0.15030075609684,-0.16623567044735,-0.043337050825357,-0.031521290540695,-0.0056326845660806,0.053400203585625,0.17439100146294,-0.039063256233931,-0.032215781509876,0.012973795644939,-0.020308088511229,0.12775266170502,-0.1137709915638,-0.09935986995697,-0.11025273799896,-0.057370413094759,0.064404882490635,0.0012313068145886,-0.029958587139845,0.039482187479734,-0.050187230110168,-0.2095633149147,-0.029737390577793,0.075349047780037,0.10829791426659,-0.04675455391407,0.011465647257864,-0.065759554505348,0.091734416782856,-0.11070409417152,0.086141303181648,0.15483915805817,-0.0718699619174,0.20449165999889,0.087255284190178,-0.095113821327686,-0.11489826440811,0.082289904356003,0.07746359705925,-0.12734153866768,0.0074435910210013,0.15776871144772,0.016967782750726,-0.062027409672737,-0.15688863396645,0.15280053019524,-0.017354195937514,0.13000452518463,-0.040781911462545,-0.079096592962742,0.012796898372471,-0.0061915875412524,0.04203525185585,0.0043399459682405,-0.0023196344263852,-0.0093251960352063,-0.062280524522066,0.037468198686838,0.026673281565309,-0.079931579530239,-0.034901298582554,0.00035439635394141,0.02075968682766,-0.019685344770551,-0.026512145996094,0.0019417755538598,0.036924254149199,-0.048774234950542,0.10878702253103,-0.090620845556259,0.037972837686539,-0.038371745496988,-0.14959864318371,0.026335973292589,0.051596660166979,0.021178558468819,0.11942690610886,-0.013413640670478,0.036619953811169,-0.067544005811214,-0.016102572903037,0.11085049062967,-0.025359911844134,-0.17479157447815,-0.0019441839540377,-0.0029233889654279,-0.017984764650464,0.076658308506012,0.073562674224377,-0.048408664762974,0.042779445648193,0.069710530340672,0.046591132879257,0.043584689497948,0.020335055887699,0.14457441866398,0.060237392783165,-0.13048294186592,-0.13751523196697,-0.011433974839747,-0.18838126957417,0.19382014870644,-0.041020780801773,0.096099093556404
-0.056106854230165,0.01528300344944,0.00645931949839,0.11749143898487,0.012253874912858,0.14023791253567,-0.061460234224796,-0.15138790011406,0.082453317940235,-0.056731749325991,0.062502086162567,-0.020300900563598,-0.020695362240076,0.1236619874835,0.038281705230474,0.02036539465189,0.052376594394445,0.13931907713413,0.030336709693074,-0.10181006044149,0.12445157021284,-0.061125975102186,0.002309616887942,0.18300195038319,0.15688468515873,-0.10761807113886,-0.049030147492886,-0.057777810841799,-0.033005516976118,0.083910569548607,0.19784799218178,0.0028205567505211,0.019931197166443,-0.021089171990752,0.075051628053188,0.17099216580391,-0.109324619174,-0.11954478919506,-0.087504871189594,-0.06412547826767,-0.010549140162766,0.074738427996635,0.023716617375612,0.065756060183048,0.02733976021409,-0.10374350100756,0.053376644849777,-0.012278103269637,-0.014984565787017,-0.11931219696999,0.019549718126655,-0.10929791629314,0.12444297969341,-0.12619151175022,0.04196360707283,0.18267472088337,-0.10147636383772,0.17539335787296,0.089071244001389,-0.082082413136959,-0.10623335838318,0.073652774095535,0.074102073907852,-0.14687468111515,0.11679069697857,0.12168815732002,0.00075846211984754,-0.054987125098705,-0.15357702970505,0.18582399189472,0.042020834982395,0.050393212586641,-0.026799011975527,-0.19374938309193,-0.055848520249128,0.0039158752188087,-0.015855617821217,-0.038408305495977,-0.10505907982588,-0.063504047691822,-0.032606367021799,0.096512749791145,-0.063476495444775,-0.11950016021729,-0.10036470741034,0.0056847254745662,-0.036783616989851,-0.11814367026091,-0.10617703944445,0.053529441356659,0.015717312693596,-0.045436590909958,0.0023756118025631,-0.076430380344391,0.11367616057396,0.11229603737593,-0.11063499748707,0.058554340153933,0.0058394991792738,0.090272232890129,0.036438688635826,-0.0040055424906313,0.0091263651847839,-0.11765904724598,-0.064955838024616,0.11653428524733,-0.0056433118879795,-0.2041722536087,-0.039997722953558,-0.019608052447438,-0.042772971093655,-0.0021662081126124,0.037811819463968,-0.095584288239479,0.092509783804417,0.030962396413088,-0.012220124714077,-0.023317458108068,0.046827338635921,0.07673642039299,0.075695402920246,-0.11239113658667,-0.044869933277369,-0.025749051943421,-0.031024299561977,0.16124713420868,0.052306789904833,0.034986291080713
-0.063244439661503,0.0044620516709983,0.024115197360516,0.094318769872189,0.010951370000839,0.15044042468071,-0.035286232829094,-0.14972203969955,0.15034379065037,-0.058570209890604,0.055949792265892,0.032835025340319,-0.054931972175837,0.074258267879486,-0.001772030023858,0.014502403326333,-0.0054583582095802,0.15781681239605,-0.013848321512341,-0.14379471540451,0.12357679754496,-0.0086706234142184,-0.053289920091629,0.15875519812107,0.12117703258991,-0.050860978662968,-0.050450678914785,-0.054109327495098,-0.031020302325487,0.078849323093891,0.20227524638176,0.072392843663692,-0.0018594111315906,0.011855860240757,0.072563894093037,0.15326233208179,-0.083639651536942,-0.12377730756998,-0.026193311437964,-0.025650572031736,0.047647383064032,0.062188062816858,0.027866329997778,0.047593928873539,0.045152500271797,-0.17622721195221,0.030042769387364,-0.035567909479141,0.010545562952757,-0.12250243872404,0.013149936683476,-0.077397540211678,0.09751683473587,-0.082191750407219,0.050352700054646,0.19514879584312,-0.084646373987198,0.16964666545391,0.0058166491799057,-0.055510755628347,-0.11743251979351,0.03391345962882,0.10295960307121,-0.13849754631519,0.094561442732811,0.097089923918247,0.015747221186757,-0.067506365478039,-0.13840708136559,0.23424872756004,0.0301473736763,0.05138386040926,-0.030944656580687,-0.10981153696775,-0.065939404070377,-0.022256676107645,-0.022003717720509,-0.047345485538244,-0.1411017626524,-0.11880983412266,-0.03102177195251,0.18015877902508,-0.0075202919542789,-0.083369433879852,-0.10140325129032,-0.016116900369525,0.020020605996251,-0.082079276442528,-0.094718091189861,0.054728049784899,0.034770470112562,-0.071224547922611,-0.0048343525268137,-0.07033571600914,0.12880706787109,0.12736836075783,-0.12181852757931,0.028451200574636,0.017086271196604,0.12801589071751,0.025300053879619,-0.041391801089048,-0.030170552432537,-0.065584219992161,-0.0042593753896654,0.089701406657696,-0.01424185372889,-0.21709617972374,-0.074763208627701,-0.0094742989167571,-0.06389020383358,-0.0050022359937429,0.0078419996425509,-0.079804830253124,0.12497491389513,0.0061680832877755,0.038019075989723,-0.056997176259756,0.092307239770889,0.062750741839409,0.16051580011845,-0.081216230988503,0.00093542988179252,-0.051140323281288,-0.040489464998245,0.13899081945419,0.064312815666199,0.054653987288475
-0.031506292521954,-0.016512466594577,0.046746022999287,0.11492501944304,-0.020723665133119,0.1442823857069,-0.0067945187911391,-0.081199333071709,0.10187809914351,-0.022283306345344,0.060979481786489,-0.050201758742332,-0.035402663052082,0.1166725307703,0.093912459909916,-0.09390065819025,0.013962144032121,0.11765167117119,0.017901128157973,-0.089766450226307,0.021733378991485,-0.075934156775475,-0.019408103078604,0.19264784455299,0.12906984984875,-0.15068820118904,-0.046537317335606,0.01353795081377,-0.055433813482523,-0.006898351944983,0.19227582216263,-0.046172343194485,-0.032898500561714,-0.012136876583099,0.051809694617987,0.16665804386139,-0.14011672139168,-0.12948989868164,-0.15873695909977,-0.069805704057217,0.041983548551798,0.023245541378856,-0.05811956897378,0.065869234502316,-0.015793098136783,-0.14062932133675,-0.060362126678228,0.061472989618778,0.037133045494556,-0.053488478064537,0.0065399329178035,-0.054892081767321,0.099499732255936,-0.14295518398285,0.032556556165218,0.15037398040295,-0.16144226491451,0.16430346667767,0.10817848145962,-0.074260085821152,-0.12174970656633,0.10034601390362,0.058582242578268,-0.11596055328846,0.054519105702639,0.17107607424259,0.050675924867392,-0.084014914929867,-0.1710434705019,0.19462017714977,0.032489962875843,0.054276909679174,0.033290170133114,-0.10245897620916,-0.055339347571135,-0.054042831063271,0.01195886079222,-0.071178242564201,-0.035026513040066,-0.052093885838985,-0.031748086214066,0.012121046893299,-0.049751289188862,-0.15541279315948,-0.041626825928688,-0.048766132444143,-0.028991675004363,-0.087055467069149,-0.039191316813231,0.090618327260017,0.056161522865295,-0.030299704521894,0.069357424974442,-0.10974412411451,0.074186980724335,0.051566060632467,-0.081443913280964,-0.030279345810413,0.017632868140936,0.061567507684231,0.06923259049654,0.044703632593155,0.030718749389052,-0.19147425889969,-0.052035037428141,0.12442867457867,0.015630710870028,-0.22476024925709,-0.011335009709001,0.013816351071,0.027594748884439,0.051792699843645,0.076400548219681,-0.087973289191723,0.075181640684605,-0.0096644777804613,0.056265335530043,0.019070750102401,0.091120965778828,0.061586458235979,0.072614371776581,-0.17596939206123,-0.065653525292873,0.00096764857880771,-0.011705818586051,0.12807965278625,0.074372969567776,0.039431184530258
-0.048303928226233,0.0065533798187971,0.036035519093275,0.14052079617977,0.065636590123177,0.12614275515079,-0.061766136437654,-0.17464365065098,0.11052022874355,-0.034903094172478,0.086972519755363,0.016266454011202,-0.022386681288481,0.079793773591518,0.063803419470787,0.049405001103878,0.048777390271425,0.16500678658485,-0.012275918386877,-0.056581385433674,0.13031201064587,-0.055939838290215,0.041170939803123,0.19804897904396,0.18291598558426,-0.11615450680256,-0.049434129148722,-0.062947578728199,-0.02778809145093,0.076524764299393,0.21927991509438,0.062190152704716,0.041662633419037,0.045685783028603,0.069972388446331,0.17603082954884,-0.073342114686966,-0.10944124311209,-0.055580798536539,-0.087721653282642,0.040528733283281,0.024549433961511,0.044115666300058,0.032351661473513,-0.013019402511418,-0.13729797303677,0.037521541118622,0.01816345565021,0.025858080014586,-0.086442150175571,0.037412025034428,-0.088405564427376,0.086182355880737,-0.12118399888277,0.060467634350061,0.16120484471321,-0.090892188251019,0.12292523682117,0.03416370600462,-0.041973143815994,-0.14112322032452,0.015451956540346,0.055658403784037,-0.16216526925564,0.12839795649052,0.10862837731838,-0.040836453437805,-0.039186842739582,-0.17673124372959,0.22786630690098,0.015073027461767,0.083346597850323,-0.059577070176601,-0.16189906001091,-0.041106328368187,-0.021941941231489,0.022913696244359,0.0072071780450642,-0.11577012389898,-0.052337694913149,-0.039654687047005,0.10409327596426,-0.022248640656471,-0.084054760634899,-0.096071764826775,0.0011895217467099,-0.01971779204905,-0.059592045843601,-0.11028272658587,0.071474194526672,0.037398487329483,-0.04687437042594,-0.013596289791167,-0.047937002032995,0.083435080945492,0.091557785868645,-0.16121982038021,0.057529874145985,0.012122873216867,0.047997660934925,0.054828323423862,-0.042673859745264,-0.013371996581554,-0.077519416809082,0.03323782607913,0.10176623612642,0.0075033609755337,-0.18410721421242,0.023137042298913,-0.011934644542634,-0.11161856353283,0.034307908266783,0.027936758473516,-0.044801510870457,0.12012275308371,-8.3288796304259e-05,0.012410751543939,-0.01592524535954,0.040440861135721,0.14944802224636,0.12322813272476,-0.059227023273706,-0.055002544075251,0.015940161421895,-0.041805535554886,0.14881357550621,0.089018851518631,0.049895036965609
-0.058204427361488,0.27288675308228,-0.015742845833302,0.10895580798388,-0.021749801933765,0.11592230200768,0.034211799502373,-0.18207989633083,0.061447691172361,0.0065246494486928,0.034139301627874,-0.023280257359147,-0.14155781269073,-0.063123770058155,-0.019004572182894,-0.076153293251991,-0.082539476454258,0.13764129579067,0.013877118006349,-0.13615125417709,-0.02066489495337,-0.051603630185127,-0.049273937940598,-0.067245602607727,0.14528907835484,-0.12811040878296,-0.094016291201115,0.031555119901896,0.049962926656008,0.094191528856754,0.085339538753033,0.10575196146965,-0.0086495615541935,-0.011259144172072,0.11513684689999,-0.0074735605157912,-0.010676282458007,-0.095712848007679,0.070090927183628,-0.059510875493288,0.056878138333559,-0.076821997761726,0.093517996370792,0.017822317779064,-0.035056386142969,-0.033675279468298,0.062672652304173,-0.019519565626979,-0.12621831893921,-0.058634202927351,0.0063187927007675,0.15210676193237,0.04407899454236,-0.056191567331553,-0.048448335379362,0.088950142264366,-0.050559319555759,0.017079494893551,-0.082528293132782,-0.03079898096621,-0.10146140307188,0.029485115781426,0.14148300886154,-0.14365604519844,0.10182210803032,0.14765326678753,0.0038004140369594,-0.16256481409073,-0.20636005699635,0.19753329455853,0.0082424990832806,0.018763555213809,-0.0090813906863332,0.07497251778841,-0.014232255518436,-0.073328837752342,0.015933077782393,-0.12979365885258,-0.10702273249626,-0.1119993776083,-0.085094049572945,0.10054479539394,-0.026178842410445,-0.00018026679754257,-0.024267449975014,0.011931189335883,-0.12629233300686,-0.11426872014999,0.016263101249933,0.10840544849634,0.055927205830812,-0.10758438706398,-0.024676378816366,-0.083795130252838,0.11378183960915,-0.043447278439999,-0.039601735770702,0.060075778514147,0.022599814459682,0.05532592907548,-0.0173613242805,0.026650305837393,0.021170165389776,-0.0024660381022841,0.0041558584198356,0.12752802670002,0.12563681602478,0.058283135294914,0.0037057760637254,0.030364574864507,0.014492797665298,-0.026595748960972,-0.026477880775928,-0.0048107947222888,0.060802571475506,-0.14070351421833,0.066333279013634,0.014811615459621,0.28821018338203,0.040126446634531,0.13850736618042,-0.080580830574036,0.013872777111828,-0.023704867810011,0.11071602255106,0.023774161934853,0.16611465811729,-0.0071904743090272
-0.071145623922348,0.20020714402199,0.11429473757744,0.1221157759428,-0.03923312202096,0.12308914214373,-0.030064962804317,-0.16866743564606,0.055403016507626,0.027357729151845,0.063334286212921,-0.036396160721779,-0.13807414472103,-0.054778348654509,0.046476107090712,-0.077768228948116,-0.053351379930973,0.20761270821095,-0.0089942682534456,-0.12997806072235,-0.025870129466057,-0.032592069357634,-0.00067498185671866,0.061481438577175,0.16412773728371,-0.15209665894508,-0.032550074160099,0.056172054260969,0.0045670452527702,0.00854058470577,0.12827499210835,-0.011210856027901,-0.00031525045051239,0.025005795061588,0.13116858899593,0.015080027282238,-0.054296389222145,-0.10815327614546,0.0091770635917783,-0.05803195014596,0.043554939329624,-0.07034120708704,0.049863126128912,0.013392771594226,-0.038305010646582,-0.12222627550364,0.018591493368149,0.017355160787702,-0.10032596439123,-0.015247809700668,0.069529742002487,0.063903912901878,0.049225732684135,-0.088411062955856,-0.0638193115592,0.10090316087008,-0.067981161177158,0.031043067574501,-0.025665882974863,-0.045858457684517,-0.11284939199686,0.048415932804346,0.078314654529095,-0.12197023630142,0.11508667469025,0.15997008979321,-0.012401738204062,-0.17002922296524,-0.27399322390556,0.24805699288845,0.0041645686142147,0.01952419616282,0.010442561469972,0.020173866301775,-0.02587503567338,-0.10936364531517,0.01716392673552,-0.10812862962484,-0.057991974055767,-0.094551399350166,-0.074674978852272,0.055789448320866,-0.0074288849718869,-0.049515787512064,-0.039997424930334,-0.038641661405563,-0.11793119460344,-0.095236912369728,-0.0063695758581161,0.14046393334866,0.033906817436218,-0.077472105622292,0.038449451327324,-0.063776381313801,0.086866483092308,-0.0033514052629471,-0.09462183713913,0.046462707221508,0.00097873364575207,0.04469045996666,0.014614645391703,0.035918984562159,-0.011855865828693,-0.059599753469229,0.10269299149513,0.10569798946381,0.13992588222027,-0.073967695236206,0.030308024957776,0.00073999993037432,-0.0029624151065946,0.032723259180784,0.067646063864231,0.028823064640164,0.063204236328602,-0.13232897222042,0.052596651017666,0.066634744405746,0.20940645039082,0.053512986749411,0.12756486237049,-0.12339551001787,-0.05085613951087,-0.048007518053055,0.12287992984056,0.064489498734474,0.16701145470142,-0.0083793960511684
-0.060255955904722,0.24001990258694,0.090865820646286,0.10010989010334,-0.029794171452522,0.092438519001007,-0.02306342124939,-0.1561872959137,0.056229796260595,0.064513295888901,0.06290091574192,-0.055505473166704,-0.12348834425211,-0.052870813757181,0.049249868839979,-0.10080990940332,-0.00095478922594339,0.22548554837704,-0.013900643214583,-0.11001072824001,-0.048233758658171,-0.036565531045198,0.0013110890286043,0.053942669183016,0.15574145317078,-0.1887364834547,-0.020935488864779,0.088929004967213,0.026386683806777,0.024504935368896,0.11447595059872,-0.029012460261583,0.0096010286360979,0.011942117474973,0.13067281246185,-0.011225336231291,-0.048637948930264,-0.093993924558163,-0.0035732092801481,-0.067442052066326,0.0077556273899972,-0.067929200828075,0.03400494530797,0.034968588501215,-0.043872244656086,-0.090394265949726,-0.006713492795825,0.055162906646729,-0.099455744028091,-0.0070392438210547,0.081323802471161,0.099297873675823,0.018621128052473,-0.11878199130297,-0.10759698599577,0.082595892250538,-0.093052178621292,0.011701926589012,-0.019253809005022,-0.039380945265293,-0.096217274665833,0.031170547008514,0.065726175904274,-0.11610975861549,0.10057830810547,0.11326276510954,-0.015240147709846,-0.16264136135578,-0.2886606156826,0.22438623011112,0.015048495493829,0.004627600312233,0.013677773065865,0.0039080283604562,-0.066918551921844,-0.11168878525496,0.036159206181765,-0.090169616043568,-0.035973615944386,-0.098723851144314,-0.090725466609001,0.035833857953548,-0.037144053727388,-0.037612941116095,-0.0059721358120441,-0.066946670413017,-0.1496560126543,-0.10631137341261,0.039093058556318,0.14462324976921,0.0033868686296046,-0.076372101902962,0.043391779065132,-0.059778437018394,0.1039681583643,-0.037053473293781,-0.083043105900288,0.021813919767737,-0.019874097779393,0.0226711910218,0.021535044535995,0.062298655509949,-0.0094674183055758,-0.053790424019098,0.081783503293991,0.092191621661186,0.14537584781647,-0.068788267672062,0.067378491163254,0.016851583495736,0.017396947368979,0.029556673020124,0.060205768793821,0.076492324471474,0.028476815670729,-0.15532752871513,0.041229572147131,0.06689290702343,0.20528085529804,0.050836823880672,0.083100058138371,-0.10752256959677,-0.079344317317009,-0.018588341772556,0.14712180197239,0.020684080198407,0.1434410661459,-0.055896423757076
-0.068461522459984,0.23336909711361,0.058228209614754,0.11974052339792,-0.012957666069269,0.11039004474878,-0.01061269082129,-0.21321834623814,0.011041723191738,0.059467382729053,0.060258202254772,-0.042224481701851,-0.1247910708189,-0.070965483784676,0.015036422759295,-0.037366189062595,-0.045386049896479,0.21005602180958,0.023915313184261,-0.084272667765617,-0.014493006281555,-0.045707635581493,0.0091168852522969,0.049661297351122,0.13506987690926,-0.12108510732651,-0.075633838772774,0.022540602833033,0.095980636775494,0.056237909942865,0.099305763840675,0.018743893131614,-0.011408731341362,-0.027349004521966,0.1607491672039,0.01260722707957,-0.064675040543079,-0.079062424600124,0.027445316314697,-0.084613934159279,0.00095338904066011,-0.06109406799078,0.045454949140549,0.039245422929525,-0.050972070544958,-0.058623012155294,0.063644200563431,0.053852900862694,-0.1178659722209,-0.037862911820412,0.043973345309496,0.11149506270885,0.049527697265148,-0.11545918881893,-0.050948068499565,0.080228090286255,-0.03693899512291,0.044147305190563,-0.034858271479607,-0.032836627215147,-0.11662327498198,0.058921296149492,0.14346304535866,-0.11160151660442,0.14294146001339,0.13051214814186,-0.031620174646378,-0.19732902944088,-0.27066373825073,0.21107892692089,-0.0020901204552501,0.028888026252389,0.0058867437765002,0.048773322254419,-0.033178571611643,-0.12037774175406,0.017506141215563,-0.073818922042847,-0.036249797791243,-0.095437541604042,-0.033882796764374,0.063038095831871,-0.048283629119396,-0.03622180968523,-0.017642738297582,-0.052084263414145,-0.15479198098183,-0.086239360272884,0.0066218529827893,0.13118600845337,0.058464996516705,-0.027961669489741,0.0065984423272312,-0.050264958292246,0.11146503686905,-0.037455823272467,-0.063022248446941,0.096502378582954,0.0049465270712972,0.029596755281091,0.042321015149355,0.057257730513811,-0.0028234052006155,-0.070071138441563,0.057173930108547,0.12724821269512,0.18477044999599,-0.046404011547565,0.11683811992407,0.036026243120432,0.016425479203463,0.034515034407377,0.062576927244663,0.022080074995756,0.055965963751078,-0.10181388258934,0.048727851361036,0.062382683157921,0.18435473740101,0.056629255414009,0.082936428487301,-0.14379775524139,-0.037482805550098,-0.060415413230658,0.053338393568993,0.10700776427984,0.14620545506477,-0.020805278792977
-0.12494519352913,0.21239927411079,0.048105623573065,0.11510696262121,-0.0034670734312385,0.045693557709455,0.023526579141617,-0.17310236394405,0.13165748119354,0.05817686766386,0.053002461791039,0.0024026872124523,-0.12615293264389,-0.060891259461641,0.0077656279318035,-0.056268036365509,-0.041114911437035,0.16132536530495,-0.033269494771957,-0.064683988690376,-0.053225379437208,-0.068938001990318,-0.061386983841658,0.025885166600347,0.11128214746714,-0.10423766076565,-0.08024200797081,0.05322277545929,0.086708709597588,0.045725487172604,0.1374659538269,0.088185481727123,0.032481122761965,-0.026887681335211,0.11687185615301,0.05138960853219,-0.03068595007062,-0.056523971259594,-0.03023274987936,-0.086175203323364,0.071039065718651,-0.059740368276834,0.055860284715891,0.044719785451889,-0.02136474289,-0.06841903924942,0.027054388076067,0.032047975808382,-0.058931011706591,-0.090381950139999,-0.030362470075488,0.080303728580475,0.029645582661033,-0.14049071073532,-0.024847943335772,0.12826360762119,-0.16449551284313,0.043043024837971,-0.077767252922058,-0.0010117999045178,-0.15927022695541,-0.012155593372881,0.12053434550762,-0.11250583082438,0.15010599792004,0.14396527409554,-0.017411647364497,-0.20660085976124,-0.25872668623924,0.17043977975845,0.0017989475745708,0.0018686880357563,0.022846259176731,0.049021132290363,-0.025460476055741,-0.092037945985794,0.038590583950281,-0.045384209603071,-0.069881357252598,-0.16810114681721,-0.068122759461403,0.08965053409338,-0.072624340653419,-0.018850717693567,-0.0067282631061971,-0.057909924536943,-0.11295385658741,-0.043422039598227,0.027778714895248,0.12794807553291,0.04978496208787,-0.065886154770851,-0.0030412320047617,-0.06541732698679,0.14927649497986,0.0038607069291174,-0.071520335972309,-0.0015786268049851,0.025180483236909,0.060338519513607,-0.012352497316897,-0.012611703947186,-0.01913702301681,-0.086265064775944,0.030673705041409,0.14414063096046,0.15749530494213,-0.072200790047646,0.095307312905788,0.027790820226073,-0.029351240023971,0.02519447915256,0.010779570788145,0.025284372270107,0.068661846220493,-0.15362648665905,0.066351413726807,0.016903024166822,0.22488486766815,0.061452120542526,0.10476034134626,-0.082742162048817,-0.039790939539671,0.0035660180728883,0.076069556176662,0.081110402941704,0.12049847096205,-0.049458526074886
-0.073409274220467,0.18096776306629,0.10370133072138,0.12752509117126,-0.028305670246482,0.11953894048929,-0.030095428228378,-0.17485126852989,0.098955668509007,-0.0048647741787136,0.071459300816059,-0.023564763367176,-0.13891333341599,-0.077679023146629,0.024745941162109,-0.069617427885532,-0.064131498336792,0.20082198083401,-0.016542039811611,-0.13010787963867,0.025609843432903,-0.04130532592535,-0.0091266268864274,0.069769658148289,0.1853633671999,-0.15386456251144,-0.026614530012012,0.016782423481345,0.0080696493387222,0.037936624139547,0.16070562601089,-0.029620949178934,0.024472743272781,0.010230327025056,0.14769159257412,0.0058198706246912,-0.072388984262943,-0.10452408343554,0.010935422964394,-0.083524897694588,0.04290246963501,-0.073933273553848,0.037866186350584,0.05368810147047,-0.024056633934379,-0.12379321455956,0.007429261226207,-0.0024681391660124,-0.09723911434412,-0.057217761874199,0.041073579341173,0.049843452870846,0.083799436688423,-0.1134068146348,-0.070750646293163,0.11332765221596,-0.089222952723503,0.04455328732729,-0.055092945694923,-0.051408022642136,-0.10792027413845,0.018137997016311,0.097662791609764,-0.10120321810246,0.12730744481087,0.13292995095253,-0.02348249219358,-0.16496135294437,-0.26600381731987,0.22123055160046,0.009881597943604,0.0034994701854885,-0.01572953723371,-0.04965453967452,-0.043361868709326,-0.090204045176506,0.0037450776435435,-0.10694919526577,-0.073831476271152,-0.042971953749657,-0.093998223543167,0.055641338229179,-0.011719666421413,-0.034782133996487,-0.042857676744461,-0.042242024093866,-0.10131620615721,-0.096895001828671,-0.031423483043909,0.12569217383862,0.027725139632821,-0.089324861764908,0.0099440580233932,-0.042975109070539,0.077252119779587,-0.0003391848586034,-0.1115789487958,0.028843117877841,0.0039629703387618,0.046425934880972,0.028858358040452,0.017418118193746,-0.025538623332977,-0.072340793907642,0.096537359058857,0.095767095685005,0.15684835612774,-0.067378997802734,0.031797546893358,-0.007824813015759,-0.0074939993210137,0.0064019127748907,0.032895553857088,0.019055662676692,0.080583289265633,-0.10043244808912,0.0016880803741515,0.067709743976593,0.20363502204418,0.072923570871353,0.11595049500465,-0.10778709501028,-0.086943790316582,-0.046229276806116,0.13526657223701,0.076729372143745,0.16674523055553,-0.0072581730782986
-0.075033769011497,0.18063113093376,0.069831140339375,0.10456185787916,-0.043060500174761,0.11731415241957,-0.044529218226671,-0.18548169732094,0.080398380756378,0.01114087831229,0.065759524703026,-0.018264267593622,-0.13404236733913,-0.064107649028301,-0.0052537536248565,-0.079968333244324,-0.04511459171772,0.2070270627737,0.0072212642990053,-0.11361729353666,-0.0019799133297056,-0.048229139298201,-0.0038841376081109,0.055528126657009,0.14544074237347,-0.13003401458263,-0.0042249993421137,0.023232420906425,0.0037543207872659,0.031293500214815,0.14172099530697,-0.038366001099348,0.025768036022782,-0.01212908141315,0.15550720691681,0.022949585691094,-0.075244031846523,-0.087009489536285,0.0036039422266185,-0.085088863968849,0.0028875966090709,-0.069407641887665,0.017890745773911,0.059359982609749,-0.024645084515214,-0.095652066171169,0.01307718269527,0.020188763737679,-0.12023930996656,-0.044357441365719,0.028786551207304,0.065312720835209,0.079542584717274,-0.11459663510323,-0.077966846525669,0.10965469479561,-0.089799933135509,0.052907112985849,-0.061385482549667,-0.043949067592621,-0.096539571881294,0.034332152456045,0.13266587257385,-0.11138395965099,0.14599098265171,0.10387475043535,-0.026339741423726,-0.15352556109428,-0.27514389157295,0.23371563851833,0.012323225848377,-0.018605444580317,-0.019989386200905,-0.041753850877285,-0.063322074711323,-0.089419603347778,0.010263436473906,-0.097646504640579,-0.059123165905476,-0.074753738939762,-0.10993193089962,0.045839179307222,-0.043587565422058,-0.047337885946035,-0.056657612323761,-0.064065545797348,-0.12281585484743,-0.098966337740421,-0.0048286919482052,0.13113702833652,0.025446442887187,-0.081907942891121,0.033611606806517,-0.032804973423481,0.11197652667761,0.0034741179551929,-0.083570457994938,0.030893255025148,-0.0013596443459392,0.045803107321262,0.031524129211903,0.039808172732592,-0.05203790217638,-0.087904170155525,0.095313563942909,0.10391661524773,0.16101184487343,-0.087075375020504,0.024506941437721,0.0014468919252977,-0.0018164224456996,0.0068284282460809,0.063643589615822,0.026931991800666,0.07150249928236,-0.10131698101759,0.0090005863457918,0.052666138857603,0.2177379578352,0.069325782358646,0.096869617700577,-0.13865353167057,-0.072401888668537,-0.056097898632288,0.13527542352676,0.078001864254475,0.15532098710537,-0.028749205172062
-0.046917729079723,0.17712540924549,0.12629118561745,0.16173447668552,-0.0081806443631649,0.074512369930744,-0.01078257150948,-0.16210232675076,0.092062935233116,0.018034242093563,0.054975882172585,-0.00056525482796133,-0.15079928934574,-0.048007789999247,0.042444661259651,-0.078117407858372,0.0024455301463604,0.17968581616879,-0.026028677821159,-0.099559724330902,-0.036777175962925,-0.063112996518612,-0.027095085009933,0.069666765630245,0.20585767924786,-0.17793264985085,-0.032432079315186,0.10193032026291,-0.035849161446095,0.013816868886352,0.13371922075748,0.016901906579733,-0.0058692982420325,0.046214502304792,0.085560366511345,-0.0084868762642145,-0.046005185693502,-0.11077883839607,0.016425186768174,-0.077849045395851,0.062094923108816,-0.057666976004839,0.078875906765461,-0.041221339255571,0.0010413704439998,-0.14291337132454,-0.028013678267598,-0.0024244203232229,-0.048833567649126,-0.010023009032011,0.091275036334991,0.051617912948132,0.035890456289053,-0.10034564882517,-0.052659176290035,0.081429041922092,-0.13074623048306,0.02658699452877,-0.043106775730848,-0.016000386327505,-0.081446297466755,0.016523718833923,0.022813051939011,-0.14456515014172,0.099220745265484,0.17321018874645,-0.022041961550713,-0.15576383471489,-0.29605287313461,0.21124967932701,0.010781090706587,0.052312199026346,0.0089461039751768,0.027230137959123,-0.049535792320967,-0.084799624979496,0.089291468262672,-0.10751630365849,-0.062299814075232,-0.083281308412552,-0.10898987203836,0.041527438908815,0.0076298951171339,-0.043726082891226,-0.013238069601357,-0.066387556493282,-0.11670912057161,-0.073603086173534,0.014918087981641,0.11510074138641,-0.0047626961022615,-0.085831418633461,0.054603908210993,-0.029728310182691,0.092607840895653,0.0048213484697044,-0.082489110529423,-0.033055067062378,0.00052735331701115,0.034724030643702,-0.012863015756011,0.00015727848222014,-0.032594554126263,-0.028721356764436,0.10342606157064,0.10179946571589,0.13751974701881,-0.075807124376297,0.016362186521292,-0.0016632378101349,-0.028360018506646,0.027582664042711,0.062784001231194,0.072118632495403,0.067145504057407,-0.17428432404995,0.041058260947466,0.10496743023396,0.18729178607464,0.06226585060358,0.093547306954861,-0.041214272379875,-0.068881995975971,-0.023273916915059,0.1620102673769,0.043067928403616,0.15832474827766,-0.056254655122757
-0.082873299717903,0.1903367638588,0.11531613767147,0.15316398441792,-0.0068109100684524,0.09481717646122,-0.022942993789911,-0.21799974143505,0.069595441222191,0.0057913302443922,0.049299269914627,0.011818877421319,-0.15734958648682,-0.066769957542419,0.024225208908319,-0.069897085428238,-0.041488949209452,0.19117714464664,0.0023247473873198,-0.1100205257535,-0.018748000264168,-0.036495868116617,-0.034073356539011,0.084199227392673,0.18469278514385,-0.12930580973625,-0.042960569262505,0.045471969991922,0.0020187955815345,0.047221887856722,0.13476572930813,0.012375892139971,0.00093940057558939,0.013073589652777,0.13613501191139,0.016362866386771,-0.058361265808344,-0.12803186476231,0.012126653455198,-0.075352028012276,0.067398771643639,-0.059950087219477,0.080574966967106,0.012271252460778,-0.017793236300349,-0.091922178864479,0.03462590277195,-0.00067205919185653,-0.085585065186024,-0.05591855943203,0.070852175354958,0.048147343099117,0.072035260498524,-0.11787724494934,-0.026895536109805,0.11150209605694,-0.11408051103354,0.057728834450245,-0.050422087311745,-0.013104016892612,-0.098258562386036,0.035283006727695,0.077666871249676,-0.12056271731853,0.14561201632023,0.13929651677608,-0.024330906569958,-0.1940059363842,-0.28584772348404,0.2281840890646,0.0079368865117431,0.029758835211396,0.0052876775152981,0.0072496645152569,-0.029569230973721,-0.073329076170921,0.028064290061593,-0.087636336684227,-0.069882281124592,-0.084068179130554,-0.078141517937183,0.080272734165192,-0.0098857842385769,-0.029134029522538,-0.038792885839939,-0.064121417701244,-0.10614658892155,-0.087609246373177,-0.040438372641802,0.13101273775101,0.019463196396828,-0.065543286502361,0.03629207611084,-0.044037651270628,0.08620773255825,0.012469728477299,-0.08097430318594,0.012510140426457,0.028262931853533,0.037693537771702,0.002303711604327,0.022776117548347,-0.022109098732471,-0.061027806252241,0.077362842857838,0.10627440363169,0.15308147668839,-0.066490136086941,0.014891687780619,0.01896932348609,-0.0018060489092022,0.00698749627918,0.04798935726285,0.018945565447211,0.058853924274445,-0.13277240097523,0.020286409184337,0.06565435230732,0.18110176920891,0.063695378601551,0.12001520395279,-0.084263280034065,-0.075291685760021,-0.057474717497826,0.11504925042391,0.10108599066734,0.15059341490269,-0.036769852042198
-0.070550113916397,0.20921486616135,0.042367488145828,0.13254263997078,-0.039327744394541,0.12446334213018,-0.041037011891603,-0.1742113083601,0.085952594876289,0.024184118956327,0.071732148528099,-0.043645396828651,-0.13759037852287,-0.069329418241978,0.013422891497612,-0.052410416305065,-0.070866763591766,0.18942223489285,0.0049280896782875,-0.11129202693701,-0.0093168709427118,-0.068034373223782,0.013058578595519,-0.0097310738638043,0.16579757630825,-0.15010452270508,-0.052949298173189,0.025640135630965,0.0037537724711001,0.023509940132499,0.12946927547455,0.035385336726904,0.030363209545612,0.0072845295071602,0.13308094441891,0.023149522021413,-0.031133636832237,-0.090545512735844,0.04005191847682,-0.092589236795902,0.03521378710866,-0.092635810375214,0.052060637623072,0.00035782909253612,-0.04051610827446,-0.11546961218119,0.022364711388946,0.013650874607265,-0.098827853798866,-0.019964072853327,0.024101948365569,0.092488050460815,0.066136963665485,-0.068214818835258,-0.067781090736389,0.083677791059017,-0.036381360143423,-0.031721770763397,-0.056290864944458,-0.054950244724751,-0.11602529138327,0.030860254541039,0.10410685837269,-0.1349676400423,0.11091590672731,0.17397364974022,-0.019339626654983,-0.14101023972034,-0.234644562006,0.21573339402676,0.00039136788109317,0.0097809247672558,-0.014394041150808,0.012794276699424,-0.019924802705646,-0.10483920574188,0.020000107586384,-0.122548148036,-0.084976375102997,-0.085074000060558,-0.088138453662395,0.060537289828062,-0.023395260795951,-0.031044216826558,-0.037666209042072,0.016882551833987,-0.13831026852131,-0.083002164959908,0.018034048378468,0.12129934132099,0.043565928936005,-0.082944676280022,0.0093883881345391,-0.051614925265312,0.087357059121132,-0.027271511033177,-0.10308417677879,0.066181719303131,-0.0085963206365705,0.039076156914234,0.034502610564232,0.00073098560096696,-0.0074235112406313,-0.069630391895771,0.1161720007658,0.12497000396252,0.16285467147827,-0.036217890679836,0.032872844487429,0.02332466468215,-0.038399983197451,0.012205342762172,0.060782127082348,0.011557540856302,0.075808450579643,-0.13862009346485,0.049179412424564,0.063873894512653,0.24751447141171,0.050510209053755,0.12619872391224,-0.11764153838158,-0.01351697742939,-0.036251664161682,0.13131564855576,0.051806591451168,0.19182938337326,0.018601099029183
-0.051988769322634,0.063238516449928,0.060899522155523,0.13558465242386,0.050878319889307,0.033230487257242,-0.0006879226421006,-0.18412218987942,0.071216233074665,-0.052115939557552,0.0070639257319272,0.027173856273293,-0.079050205647945,0.050105933099985,-0.034430045634508,0.00090379582252353,0.10297748446465,0.1882042735815,-0.0061963945627213,-0.040563821792603,0.072378866374493,-0.031691782176495,-0.10449502617121,0.082711361348629,0.089624837040901,-0.05043026804924,-0.12992963194847,0.0090367421507835,0.012483836151659,0.10659747570753,0.11695857346058,0.14267192780972,0.001287883380428,-0.012505700811744,0.14165857434273,0.10168877989054,-0.049115985631943,-0.083609089255333,-0.053576704114676,-0.17490863800049,-0.001036170637235,0.07035306841135,0.093506917357445,0.016225012019277,0.088479563593864,-0.0022113535087556,0.05427161231637,-0.0083135077729821,-0.092695258557796,-0.14517480134964,-0.01433786097914,-0.035147726535797,0.10309799015522,-0.1354846060276,0.043549563735723,0.13709180057049,-0.17720751464367,0.100181594491,-0.017705541104078,-0.017391184344888,-0.026381924748421,0.05836708843708,0.053990997374058,-0.1176338121295,0.15562577545643,0.081415131688118,-0.034239459782839,-0.13485033810139,-0.21137550473213,0.16475164890289,0.035950511693954,-0.039894364774227,0.0061196084134281,-0.096139080822468,-0.15517689287663,-0.0087391836568713,0.054098021239042,-0.024501169100404,-0.074541360139847,-0.18501128256321,-0.050664264708757,0.16985818743706,-0.13656450808048,-0.099422611296177,-0.01903734728694,-0.091708563268185,-0.091509349644184,-0.070579290390015,-0.059038281440735,0.13588081300259,0.072792142629623,-0.014157556928694,-0.027663143351674,-0.025935025885701,0.16254153847694,0.15812154114246,-0.017582081258297,0.0020219713915139,-0.0031699375249445,0.083485133945942,0.030248925089836,0.021066324785352,-0.044809572398663,-0.10669739544392,-0.047869693487883,0.11431841552258,0.08813551813364,-0.16365793347359,0.019571889191866,0.022106613963842,-0.048468574881554,-0.058107264339924,-0.025064785033464,-0.059012688696384,0.11922466754913,-0.087579518556595,0.002416537841782,-0.076895132660866,0.083560228347778,0.024469507858157,0.047625914216042,-0.0088990768417716,-0.0019541035871953,-0.024496803060174,0.049831882119179,0.11008796840906,0.1148449704051,-0.12453696876764
-0.023786216974258,0.034765962511301,0.17289343476295,0.18984562158585,0.062751919031143,0.010392248630524,-0.0048714550212026,-0.20540547370911,0.093982025980949,-0.078500509262085,0.010410717688501,0.054489810019732,-0.11544390022755,0.013475077226758,-0.023054998368025,0.0037578614428639,0.085960887372494,0.18068018555641,-0.055754203349352,-0.011372453533113,0.082166433334351,-0.043462865054607,-0.062453500926495,0.17606584727764,0.13087716698647,-0.084430612623692,-0.10962837934494,0.019954046234488,-0.023431746289134,0.060188077390194,0.11591760069132,0.10078423470259,-0.013111176900566,0.053337853401899,0.1264855414629,0.057345941662788,-0.040531761944294,-0.030905328691006,-0.05322927236557,-0.17132732272148,0.024896733462811,0.060579188168049,0.086132727563381,-0.076352655887604,0.093016356229782,-0.043826602399349,0.019984882324934,-0.02037813141942,-0.059139098972082,-0.080782786011696,0.034498635679483,-0.050742868334055,0.11217440664768,-0.11238902062178,0.085436828434467,0.095456071197987,-0.14478474855423,0.091668099164963,-0.031209070235491,-0.027972988784313,-0.011062984354794,0.056343797594309,0.003963096998632,-0.12070119380951,0.15162092447281,0.12039385735989,-0.043295238167048,-0.12167314440012,-0.24960453808308,0.201396048069,0.020185422152281,-0.00042732851579785,-0.0050445822998881,-0.044411011040211,-0.10691829770803,-0.0236811414361,0.085817910730839,-0.020798349753022,-0.042349744588137,-0.131222859025,-0.062159825116396,0.15882720053196,-0.085058622062206,-0.12478271126747,4.086901753908e-05,-0.12317537516356,-0.08129171282053,-0.01728143170476,-0.081209495663643,0.13920161128044,0.077328257262707,-0.021442642435431,0.035538528114557,-0.001306782127358,0.1117319688201,0.14036598801613,-0.038081284612417,-0.025977406650782,0.036646135151386,0.046747732907534,0.044834729284048,-0.017564354464412,-0.082487635314465,-0.062583148479462,0.029680343344808,0.076940022408962,0.10497545450926,-0.17479346692562,0.035324979573488,-0.0064113331027329,-0.063515819609165,0.0248889233917,0.019671397283673,-0.011746122501791,0.14038097858429,-0.075845696032047,-0.04274857789278,-0.0066310055553913,0.028292164206505,0.047089338302612,0.035480923950672,0.066037602722645,-0.040319580584764,-0.028480861335993,0.063040472567081,0.142672970891,0.13186405599117,-0.1431515365839
-0.064739026129246,0.095875173807144,0.056540779769421,0.14413170516491,0.030420731753111,0.075378492474556,-0.0012552866246551,-0.16724337637424,0.13129051029682,-0.029080387204885,0.031169144436717,-0.017775129526854,-0.086580879986286,0.059220615774393,0.0039468598552048,-0.023613659664989,0.066252075135708,0.186329677701,-0.0045337774790823,-0.10501486808062,0.10259049385786,-0.08001135289669,-0.046257320791483,0.16814078390598,0.18230549991131,-0.16051155328751,-0.087923616170883,0.012293582782149,0.012342866510153,0.099026218056679,0.18292228877544,0.026014242321253,0.019148146733642,-0.0026485354173928,0.11327760666609,0.078089661896229,-0.086908109486103,-0.094167530536652,-0.077056512236595,-0.13009372353554,0.0073334546759725,0.050044659525156,0.071015663444996,0.033818170428276,0.059514362365007,-0.10051093995571,0.01089539937675,0.0020538158714771,-0.01915836520493,-0.12224171310663,0.023355262354016,-0.025977430865169,0.12007862329483,-0.15897108614445,0.030101589858532,0.16520726680756,-0.13597716391087,0.13170890510082,0.022156128659844,-0.074349828064442,-0.075965531170368,0.050831589847803,0.052125796675682,-0.134097635746,0.11838222295046,0.12741836905479,-0.031481105834246,-0.13022154569626,-0.2419141381979,0.19166374206543,0.03564790263772,0.022708779200912,-0.025575939565897,-0.12719894945621,-0.095221921801567,-0.014712142758071,0.047085169702768,-0.044871557503939,-0.076437383890152,-0.11426211893559,-0.086131244897842,0.12187248468399,-0.056140165776014,-0.082096166908741,-0.025727961212397,-0.066730126738548,-0.08821015059948,-0.085800610482693,-0.04148280993104,0.09803794324398,0.021589199081063,-0.055098857730627,0.012328089214861,-0.076885335147381,0.1512618213892,0.083587765693665,-0.084767378866673,0.023845922201872,-0.0007605244172737,0.076457045972347,0.056084934622049,0.0099469572305679,-0.0044850152917206,-0.093263633549213,-0.038814220577478,0.10370684415102,0.072248943150043,-0.18655353784561,0.025552792474627,-0.0061293952167034,-0.027203915640712,-0.015531746670604,0.0091977575793862,-0.037082739174366,0.1113798469305,-0.037899143993855,0.0082627674564719,0.00052315811626613,0.097419060766697,0.076349511742592,0.067001290619373,-0.050582934170961,-0.078266359865665,-0.031976126134396,0.011342952027917,0.13562802970409,0.097932979464531,-0.045020278543234
-0.051479037851095,0.097911320626736,0.069872990250587,0.13095647096634,0.036214984953403,0.074624419212341,-0.034020289778709,-0.17536374926567,0.084557093679905,-0.01533529534936,0.037327047437429,-0.005564188119024,-0.076765708625317,0.022276571020484,-0.00071257492527366,0.013698234222829,0.08327666670084,0.20855033397675,0.0067759421654046,-0.072035230696201,0.11738374084234,-0.05159280449152,-0.050855025649071,0.17903527617455,0.1594997048378,-0.11587930470705,-0.065208964049816,-0.009983847849071,0.02920332737267,0.1137415766716,0.14107309281826,0.041676793247461,0.037789437919855,0.021592004224658,0.14115408062935,0.068466529250145,-0.046235527843237,-0.091744109988213,-0.044184528291225,-0.16638980805874,-0.015667906031013,0.01808456517756,0.10685173422098,0.024738697335124,0.073641017079353,-0.072062186896801,0.060519095510244,0.010289378464222,-0.088038958609104,-0.11619128286839,0.037305150181055,-0.046880465000868,0.12701559066772,-0.14010585844517,0.04285005107522,0.15700148046017,-0.12455453723669,0.097407035529613,-0.00040359812555835,-0.081234395503998,-0.0564542748034,0.042184647172689,0.062615379691124,-0.13018989562988,0.13858135044575,0.12080704420805,-0.061654768884182,-0.13520854711533,-0.24569468200207,0.17466035485268,-0.0013069481356069,-0.018843242898583,-0.058078117668629,-0.14573700726032,-0.090160436928272,-0.023144574835896,0.058750730007887,-0.0087131466716528,-0.054116994142532,-0.11531730741262,-0.064504534006119,0.13745437562466,-0.078177496790886,-0.088999941945076,-0.019457116723061,-0.063016101717949,-0.109095685184,-0.075751163065434,-0.037115920335054,0.1499959230423,0.046678073704243,-0.044250436127186,-0.022138502448797,-0.023325705900788,0.13218130171299,0.12152332812548,-0.084983117878437,0.052720997482538,0.0065414812415838,0.048785801976919,0.077414989471436,0.0073714875616133,-0.033273883163929,-0.089679531753063,-0.01487385854125,0.10084839165211,0.085770420730114,-0.18453100323677,0.021749529987574,-0.014256208203733,-0.041259933263063,-0.0099693266674876,0.015910835936666,-0.045030903071165,0.12626665830612,-0.048170302063227,-0.020507175475359,-0.024656200781465,0.071423284709454,0.069379575550556,0.073226317763329,-0.049919489771128,-0.041176341474056,-0.041481103748083,0.020946407690644,0.14267091453075,0.12159302830696,-0.08489927649498
-0.081281095743179,0.14757178723812,0.04237100854516,0.096682950854301,0.037980202585459,0.057061903178692,0.032373838126659,-0.19539964199066,0.11658094078302,-0.031314693391323,-0.0055014556273818,-0.034929674118757,-0.075909696519375,0.086366608738899,0.0081271277740598,-0.021630512550473,0.031545221805573,0.15676236152649,-0.029490988701582,-0.12546342611313,0.066913306713104,-0.047264143824577,-0.070466533303261,0.13118320703506,0.15362322330475,-0.14599359035492,-0.11317919939756,0.044597316533327,0.056050758808851,0.13221384584904,0.14877758920193,0.070712141692638,-0.0050873504951596,-0.014598944224417,0.10813937336206,0.064448110759258,-0.08149054646492,-0.082749523222446,-0.076848760247231,-0.10646729916334,0.0087272822856903,0.049245525151491,0.1013370603323,0.042892564088106,0.072354011237621,-0.028367772698402,0.025529989972711,0.024687990546227,-0.044615514576435,-0.13685101270676,-0.0038370543625206,-0.0092307822778821,0.12553903460503,-0.167545825243,0.026826253160834,0.16522228717804,-0.15027202665806,0.17588748037815,0.024856949225068,-0.062730327248573,-0.082066901028156,0.087162367999554,0.067821890115738,-0.098284751176834,0.098443068563938,0.16367936134338,-0.036594409495592,-0.13368785381317,-0.24277414381504,0.16059446334839,0.036575388163328,0.010438670404255,-0.00036948031629436,-0.083272352814674,-0.070649944245815,-0.0025196885690093,0.032215815037489,-0.093649595975876,-0.075440376996994,-0.14313325285912,-0.012711524032056,0.13192310929298,-0.082717582583427,-0.074570253491402,-0.034798294305801,-0.069121845066547,-0.1036800891161,-0.11035493016243,-0.048791237175465,0.12755106389523,0.049053903669119,-0.056196112185717,0.00063510873587802,-0.095976620912552,0.15666039288044,0.11138825118542,-0.080807350575924,0.0352803170681,0.043260522186756,0.079358302056789,0.052527885884047,0.013089390471578,0.019856592640281,-0.073486663401127,-0.11277738958597,0.10459552705288,0.031719081103802,-0.143663585186,0.034329924732447,-0.0064884554594755,0.045879937708378,-0.0050291148945689,-0.023146849125624,-0.040292970836163,0.078763961791992,-0.026842707768083,0.0080083264037967,0.023352317512035,0.11019393056631,0.06335786730051,0.0801065787673,-0.0533781722188,-0.060913380235434,-0.034218519926071,-0.032309330999851,0.13193866610527,0.054616779088974,-0.081040196120739
-0.027887582778931,0.14194452762604,0.084734573960304,0.042946103960276,-0.0059162299148738,0.11525362730026,-0.019007805734873,-0.1353305131197,-0.00025348830968142,0.032365184277296,0.047998752444983,-0.043400935828686,-0.029890492558479,0.035754278302193,0.0060555506497622,-0.039164029061794,0.072994969785213,0.27834448218346,-2.2629270461039e-05,-0.077207446098328,0.10076154023409,0.040146563202143,-0.057987093925476,0.21971474587917,0.03628696501255,-0.10470085591078,-0.070274204015732,0.014156160876155,0.09926962852478,0.12357094883919,0.051640637218952,-0.026019809767604,-0.016789648681879,0.014549091458321,0.1719341725111,0.053530659526587,-0.037987723946571,-0.086617775261402,-0.052550323307514,-0.087891891598701,-0.085400700569153,0.046274818480015,0.052855093032122,0.074179276823997,0.018508419394493,-0.080654188990593,0.089029155671597,0.06831967830658,-0.12531220912933,-0.033989060670137,0.081873029470444,-0.007675954606384,0.036820646375418,-0.088786847889423,0.021721478551626,0.14428853988647,-0.058791030198336,0.12149091809988,0.040196131914854,-0.10331910103559,-0.043292656540871,0.091526687145233,0.10541567206383,-0.10443626344204,0.084739103913307,0.026139445602894,-0.0043326746672392,-0.17456591129303,-0.23411375284195,0.21013240516186,0.0087822983041406,-0.042417027056217,-0.0041887992992997,-0.062265355139971,-0.12122245877981,-0.083081148564816,0.017172722145915,0.017201274633408,0.019847830757499,-0.17862464487553,0.011652011424303,0.15932889282703,-0.086291581392288,-0.093368627130985,0.005476831458509,-0.078865975141525,-0.11464431136847,-0.11472664773464,0.019477756693959,0.19252488017082,0.066966094076633,-0.05272002518177,0.0063529200851917,-0.06382992118597,0.13509352505207,0.059548020362854,-0.076350554823875,0.1024304702878,-0.025084506720304,0.059863928705454,0.10536969453096,0.12396439909935,-0.009842287749052,-0.073730878531933,-0.032036833465099,0.086593955755234,0.062653549015522,-0.21114407479763,0.038155034184456,0.023387033492327,0.037364389747381,-0.0020980425179005,0.031433429569006,-0.018458601087332,0.048983465880156,-0.018286928534508,0.072594113647938,-0.075765080749989,0.031534589827061,0.010803927667439,0.062846571207047,-0.12703576683998,-0.013758468441665,-0.061068743467331,-0.042165618389845,0.11655612289906,0.08838939666748,-0.076105311512947
-0.07452142983675,0.098271384835243,0.044407062232494,0.16168357431889,0.08138719201088,0.11309889703989,0.011356493458152,-0.18449382483959,0.03913464397192,-0.022118644788861,0.027057899162173,0.0053819608874619,-0.072697818279266,0.044011309742928,0.05985751375556,0.031158771365881,0.023391917347908,0.10381365567446,0.032745931297541,-0.092468433082104,0.097064912319183,-0.10745377093554,0.030246650800109,0.089343450963497,0.21726584434509,-0.13660578429699,-0.12370534986258,-0.054355230182409,0.0211849398911,0.072482392191887,0.20395873486996,0.04540454223752,-0.0038715617265552,-0.025804342702031,0.093612812459469,0.11652897298336,-0.11194475740194,-0.095554582774639,-0.037148654460907,-0.09490617364645,0.052225228399038,0.038984928280115,0.073403373360634,0.025996161624789,-0.020615633577108,-0.012560837902129,0.060345884412527,-0.035910494625568,-0.049173887819052,-0.15190126001835,0.013320076279342,-0.025119608268142,0.077095307409763,-0.1619576215744,0.035785876214504,0.1439583003521,-0.10393411666155,0.16096687316895,0.0068601998500526,0.0080848950892687,-0.11336420476437,0.044251099228859,0.062216576188803,-0.18571165204048,0.22571949660778,0.11907169222832,-0.059333804994822,-0.068142727017403,-0.21381032466888,0.20871284604073,0.063403971493244,0.14353044331074,-0.041235458105803,-0.12054824829102,-0.031210146844387,0.038938719779253,0.0099838692694902,-0.012548347003758,-0.098171509802341,-0.055945459753275,-0.10064241290092,0.050487272441387,-0.025296794250607,-0.03400905802846,-0.11435497552156,-0.033677484840155,-0.038519009947777,-0.072948344051838,-0.13094924390316,0.032316297292709,0.012437316589057,-0.03009283170104,-0.017220368608832,-0.063128620386124,0.10774347931147,0.041825663298368,-0.053578514605761,0.054049208760262,0.0092891603708267,0.07491721957922,-0.010255047120154,-0.01634431257844,-0.0088485833257437,-0.076237462460995,-0.040585812181234,0.13263875246048,0.067756459116936,-0.068672493100166,0.062969073653221,-0.020653830841184,-0.076006792485714,-0.015764493495226,0.010768031701446,-0.061497818678617,0.14673244953156,-0.0057818191125989,-0.039901982992887,0.034171488136053,0.085433311760426,0.15644118189812,0.061801310628653,-0.060001339763403,-0.093442238867283,0.0025096568278968,0.019261112436652,0.17887081205845,0.078661017119884,0.011170785874128
0.0030796444043517,0.07824382930994,0.095580652356148,0.15691140294075,0.1007901802659,0.088612824678421,0.0032008816488087,-0.25245770812035,0.031995367258787,-0.032187655568123,-0.004824941046536,0.043411273509264,-0.11405820399523,0.013138618320227,0.00032055517658591,0.01190937962383,0.077487096190453,0.19523112475872,-0.016870860010386,-0.084982626140118,0.04505318403244,0.0094065619632602,-0.053339213132858,0.15558303892612,0.14512991905212,-0.091762349009514,-0.087860092520714,0.0060190763324499,-0.028001567348838,0.098813399672508,0.097405359148979,0.111428424716,-0.082669012248516,0.034860998392105,0.13623610138893,0.066099889576435,-0.070690900087357,-0.14237636327744,-0.010803552344441,-0.1219579204917,0.015748098492622,0.04269015789032,0.091081701219082,-0.035845346748829,0.0638148188591,0.032429374754429,0.038119845092297,0.028341323137283,-0.089756406843662,-0.086694821715355,0.10918489098549,-0.017693685367703,0.09659032523632,-0.14988611638546,0.0439766459167,0.097092792391777,-0.11526515334845,0.13691829144955,0.0063283555209637,0.020639449357986,0.0036235901061445,0.096244797110558,0.035033624619246,-0.13476794958115,0.15317535400391,0.062356572598219,-0.062380384653807,-0.078962743282318,-0.22847983241081,0.25844353437424,0.030446587130427,0.068772345781326,-0.007965425029397,-0.064484648406506,-0.14014707505703,-0.00085763103561476,0.056228838860989,-0.020813558250666,-0.073435299098492,-0.13165228068829,-0.003921820782125,0.1672246158123,-0.082564897835255,-0.10303157567978,-0.056552108377218,-0.1157843619585,-0.079735241830349,-0.082856222987175,-0.12170211225748,0.14925371110439,0.056479524821043,0.0021678092889488,0.0091590723022819,-0.016081389039755,0.10446897894144,0.14791329205036,-0.019658787176013,-0.02260266058147,0.05372254177928,0.037130482494831,0.066612780094147,0.024923557415605,-0.056572087109089,-0.057378243654966,-0.011140136048198,0.046310968697071,0.04292269796133,-0.14347223937511,-0.013494316488504,0.052294440567493,0.010364699177444,0.0099880760535598,0.052417647093534,-0.034369669854641,0.11270775645971,-0.066417507827282,-0.052979271858931,0.018262540921569,0.028610276058316,0.052876461297274,0.074232622981071,0.0101213529706,-0.021778639405966,-0.044173587113619,0.036044381558895,0.13729131221771,0.074209183454514,-0.14555534720421
-0.060995288193226,0.045428615063429,0.08067898452282,0.1888062953949,0.029397569596767,0.060344453901052,0.036894503980875,-0.15254908800125,0.16234591603279,-0.043980959802866,0.046269174665213,0.028311235830188,-0.10889865458012,-0.027009189128876,0.011763638816774,-0.027670096606016,0.010036777704954,0.12784147262573,-0.025722691789269,-0.073095306754112,0.083957329392433,-0.10646948218346,-0.076905161142349,0.15621191263199,0.18839675188065,-0.1130309253931,-0.10792401432991,-0.037209268659353,-0.0022481954656541,0.057204950600863,0.22352401912212,0.081420063972473,-0.020916396752,0.015521132387221,0.089592896401882,0.089467614889145,-0.1026819050312,-0.084954984486103,-0.053543217480183,-0.12557174265385,0.079596050083637,0.0046688797883689,0.017970066517591,0.027474317699671,0.067586503922939,-0.12186353653669,-0.016174301505089,-0.016353040933609,0.0058618388138711,-0.14421673119068,-0.012766377069056,-0.023120766505599,0.10636305063963,-0.17802111804485,0.041957188397646,0.14850197732449,-0.18860167264938,0.13608059287071,-0.030339192599058,-0.016548823565245,-0.091265894472599,-7.1251837653108e-05,0.067334659397602,-0.13566419482231,0.1378518640995,0.1189044713974,-0.00115538504906,-0.1432723402977,-0.21801654994488,0.17787948250771,0.0076305046677589,0.066905856132507,-0.025673156604171,-0.058734659105539,-0.096863366663456,-0.057512767612934,0.056730534881353,-0.020143477246165,-0.097015686333179,-0.049811400473118,-0.11167994141579,0.097799524664879,-0.055190358310938,-0.098281063139439,-0.035339020192623,-0.094675086438656,-0.027726726606488,-0.051679741591215,-0.067305222153664,0.049688536673784,0.053992174565792,-0.028748387470841,0.0082756681367755,-0.057842910289764,0.12146306782961,0.087771654129028,-0.056497007608414,-0.068796336650848,0.025437196716666,0.075344823300838,0.0087349694222212,-0.047817472368479,-0.051811877638102,-0.093082502484322,0.007364263292402,0.10494672507048,0.10101743787527,-0.14619842171669,0.045488446950912,0.007859961129725,-0.062640145421028,0.018597347661853,-0.024185491725802,-0.057288508862257,0.15724730491638,-0.055175796151161,0.0044481609947979,-0.0058722421526909,0.12025013566017,0.097469009459019,0.072840824723244,-0.0041557243093848,-0.077213332056999,0.018205888569355,0.037513818591833,0.13018786907196,0.10398820787668,-0.048385947942734
-0.09984440356493,-0.0050307558849454,0.15946561098099,0.19024048745632,0.064185090363026,0.014812164008617,-0.021684937179089,-0.21235850453377,0.14908386766911,-0.03361514210701,-0.018374618142843,0.073102280497551,-0.1029946282506,-0.0019211436156183,0.00051641103345901,-0.011582488194108,0.064536221325397,0.18162329494953,-0.036452747881413,-0.024413585662842,0.05118577554822,-0.056241184473038,-0.011088975705206,0.20911593735218,0.12318562716246,-0.055728152394295,-0.11847489327192,-0.051764648407698,-0.0033930288627744,0.021526092663407,0.19702054560184,0.11476922780275,0.012732903473079,-0.014566079713404,0.11689153313637,0.066683225333691,-0.079338349401951,0.0074472916312516,-0.090440958738327,-0.1189159154892,0.069823324680328,0.079092122614384,-0.028313396498561,-0.056296199560165,0.033294592052698,-0.08611898124218,-0.0049358899705112,-0.017605477944016,0.041039381176233,-0.13906407356262,0.032599940896034,-0.045850478112698,0.17210133373737,-0.17114908993244,0.051375214010477,0.11423809081316,-0.075307101011276,0.09781539440155,0.0030694776214659,-0.032245803624392,-0.064293712377548,0.048408355563879,-0.019033653661609,-0.091863907873631,0.16349603235722,0.076672285795212,0.0071958694607019,-0.11195775866508,-0.20597846806049,0.18634012341499,0.021091150119901,0.035187978297472,-0.0040441565215588,-0.03862477466464,-0.075861230492592,-0.0098569821566343,-0.013083306141198,-0.0093802576884627,-0.049431681632996,-0.089720293879509,-0.085931554436684,0.17560659348965,-0.05418349429965,-0.080661676824093,0.034838728606701,-0.15209892392159,-0.016885414719582,0.020242020487785,-0.12683147192001,0.02831001393497,0.0050202524289489,0.062021136283875,0.0921930372715,-0.033205103129148,0.1033454015851,0.083355434238911,-0.048006452620029,-0.022044369950891,0.029284115880728,0.042746506631374,0.069751471281052,-0.048628065735102,-0.059853713959455,-0.073660239577293,0.047312695533037,0.029776282608509,0.11093562096357,-0.22164924442768,0.087995670735836,0.046445015817881,-0.070208601653576,0.05389266461134,0.033705081790686,-0.057484060525894,0.097741693258286,-0.046307072043419,-0.096809916198254,-0.035547159612179,0.0030057015828788,0.054473381489515,0.041607141494751,0.051810894161463,-0.11262189596891,-0.076134033501148,-0.0065120602957904,0.18946088850498,0.041498385369778,-0.062450625002384
-0.0044115278869867,-0.045602682977915,0.21572382748127,0.076581738889217,0.11340406537056,0.10363767296076,-0.04321613162756,-0.068972423672676,0.10370576381683,-0.070071019232273,0.0099377771839499,0.067973889410496,-0.042861178517342,-0.00077254074858502,0.10898918658495,0.0026737635489553,0.073759935796261,0.13252215087414,-0.084414824843407,0.01910463348031,0.11840385198593,0.024232218042016,0.036209799349308,0.21726630628109,0.10640959441662,-0.089713215827942,-0.058762222528458,-0.052460838109255,-0.0073752696625888,-0.014768024906516,0.1944554746151,0.024424325674772,0.042678438127041,0.10591939091682,0.12050224840641,0.100875005126,0.012441326864064,0.014513475820422,-0.030515849590302,-0.14653493463993,0.066112987697124,0.031341377645731,0.01634038053453,-0.087293967604637,-0.015183539129794,-0.10888510197401,-0.025061707943678,0.009631666354835,-0.017962044104934,-0.0068355374969542,-0.0072958539240062,-0.093521028757095,0.092958100140095,-0.074992179870605,0.087130546569824,0.085663132369518,-0.087257742881775,0.08849510550499,-0.11092362552881,-0.049908623099327,-0.10309574753046,0.0071709752082825,-0.0035444789100438,-0.17234274744987,0.14746849238873,0.07822448015213,-0.051321852952242,-0.019865103065968,-0.23237673938274,0.19788557291031,0.011111627332866,0.027194064110518,-0.10445837676525,-0.10536750406027,-0.04993699118495,-0.0012739484664053,0.044220604002476,0.021186826750636,0.044557645916939,-0.038825917989016,-0.087054297327995,0.10228715091944,0.0097333379089832,-0.051576487720013,0.034552060067654,-0.13256376981735,0.011118075810373,0.091548666357994,-0.060245294123888,0.14324235916138,0.095287643373013,-0.045461818575859,0.027705507352948,0.076004832983017,0.048364922404289,0.081530064344406,-0.10224406421185,0.0092637976631522,-0.035849720239639,0.023327874019742,0.071361348032951,-0.063437931239605,-0.15405216813087,-0.059867236763239,0.081812523305416,0.066314175724983,0.058966912329197,-0.24113272130489,0.084905087947845,-0.039576288312674,-0.11793071776628,0.067787475883961,0.0062811807729304,0.032565224915743,0.18092684447765,-0.013488999567926,-0.050855927169323,-0.027679393067956,-0.023314906284213,0.17316249012947,0.099554695188999,0.03421762958169,-0.060514084994793,0.016440831124783,0.030849348753691,0.12262247502804,0.15044352412224,-0.056553069502115
-0.081639744341373,0.037725932896137,0.1477193236351,0.14464576542377,0.088297016918659,0.00039686012314633,0.0018154866993427,-0.19091871380806,0.1419770270586,-0.052190650254488,-0.04637511447072,0.075217552483082,-0.12410672008991,0.02764169126749,-0.0079284524545074,-0.023142794147134,0.096837498247623,0.14733381569386,-0.061629135161638,-0.041217919439077,-0.0030532539822161,-0.026187568902969,-0.070233419537544,0.16765116155148,0.10883539170027,-0.080761916935444,-0.076038978993893,0.049108866602182,-0.02950874902308,0.029357517138124,0.14033058285713,0.11664189398289,0.00097297684988007,0.01656961068511,0.091900549829006,0.059127036482096,-0.035690572112799,-0.056495733559132,-0.099943913519382,-0.12415664643049,0.081635542213917,0.063320279121399,0.07403290271759,-0.076867736876011,0.080266140401363,-0.0075761438347399,-0.016141811385751,-0.0068415850400925,-0.022526239976287,-0.11356078088284,0.019992418587208,-0.071690618991852,0.13422314822674,-0.16370232403278,0.050872325897217,0.12615203857422,-0.17151279747486,0.11519485712051,-0.025601483881474,0.0066542504355311,-0.028973063454032,0.072784587740898,-0.035264227539301,-0.1159321218729,0.15365317463875,0.10881642997265,-0.039082285016775,-0.10968235135078,-0.25115695595741,0.17865461111069,0.030789660289884,-3.5182572901249e-05,0.010041384026408,-0.052573852241039,-0.078360185027122,0.043194118887186,0.056883536279202,-0.013836001046002,-0.04768231138587,-0.18176580965519,-0.076176129281521,0.16915871202946,-0.077820748090744,-0.072376266121864,0.0099301403388381,-0.13606715202332,-0.052975013852119,0.0032117255032063,-0.10929375141859,0.11336222290993,0.024816166609526,0.0021298304200172,0.06684771925211,-0.016312610358,0.13794538378716,0.16038046777248,-0.023735113441944,-0.074020035564899,0.043051548302174,0.05373127758503,0.037562035024166,-0.053041730076075,-0.082280240952969,-0.060688484460115,-0.0051114060916007,0.045596413314342,0.05524617806077,-0.19998806715012,-0.0093512423336506,0.018467087298632,-0.036284349858761,0.017218679189682,0.050837054848671,-0.021479798480868,0.086340725421906,-0.099789418280125,-0.085842341184616,0.0088487844914198,0.032328873872757,0.050985418260098,0.055648282170296,0.067513056099415,-0.082473859190941,-0.044511765241623,0.04341596364975,0.14855974912643,0.024126933887601,-0.16231095790863
